200,http://localhost/,https://github.com/rebipp/rs.rebipp.org.br/blob/main/README.md,"





<!DOCTYPE html"
200,http://localhost/,https://github.com/rebipp/rs.rebipp.org.br/blob/main/README.md,"





<!DOCTYPE html"
200,http://localhost/,https://github.com/rebipp/rs.rebipp.org.br/blob/main/README.md,"





<!DOCTYPE html"
200,http://localhost/,https://github.com/rebipp/rs.rebipp.org.br/blob/main/README.md,"





<!DOCTYPE html"
200,http://localhost/,https://github.com/rebipp/rs.rebipp.org.br/blob/main/README.md,"





<!DOCTYPE html"
200,http://localhost/,https://github.com/rebipp/rs.rebipp.org.br/blob/main/README.md,"





<!DOCTYPE html"
200,http://localhost/,http://localhost/index.ttl,@prefix rdf: <http:/
200,http://localhost/,http://localhost/index.ttl,@prefix rdf: <http:/
200,http://localhost/,http://localhost/index.ttl,@prefix rdf: <http:/
200,http://localhost/,http://localhost/index.ttl,@prefix rdf: <http:/
200,http://localhost/,http://localhost/index.ttl,@prefix rdf: <http:/
200,http://localhost/,http://localhost/index.ttl,@prefix rdf: <http:/
200,http://localhost/,http://localhost/index.rdf,"<rdf:RDF
xmlns:rdf="""
200,http://localhost/,http://localhost/index.rdf,"<rdf:RDF
xmlns:rdf="""
200,http://localhost/,http://localhost/index.rdf,"<rdf:RDF
xmlns:rdf="""
200,http://localhost/,http://localhost/index.rdf,"<rdf:RDF
xmlns:rdf="""
200,http://localhost/,http://localhost/index.rdf,"<rdf:RDF
xmlns:rdf="""
200,http://localhost/,http://localhost/index.rdf,"<rdf:RDF
xmlns:rdf="""
200,http://localhost/,http://localhost/index.json,"{
""@context"": {
""rdf"
200,http://localhost/,http://localhost/index.json,"{
""@context"": {
""rdf"
200,http://localhost/,http://localhost/index.json,"{
""@context"": {
""rdf"
200,http://localhost/,http://localhost/index.json,"{
""@context"": {
""rdf"
200,http://localhost/,http://localhost/index.json,"{
""@context"": {
""rdf"
200,http://localhost/,http://localhost/index.json,"{
""@context"": {
""rdf"
